{
  "gitbook": "3.2.2",
  "title": "Redux",
  "plugins": ["edit-link", "prism", "-highlight", "github", "anchorjs", "algolia"],
  "pluginsConfig": {
    "edit-link": {
      "base": "https://github.com/reactjs/redux/tree/master",
      "label": "Edit This Page"
    },
    "github": {
      "url": "https://github.com/reactjs/redux/"
    },
    "algolia": {
      "index": "redux-docs",
      "applicationID": "BC2QB3G2G4",
      "publicKey": "75eb88bb56d8cf8d17b6366a2c8e5fcd",
      "freeAccount": "false"
    },
    "theme-default": {
      "styles": {
        "website": "build/gitbook.css"
      }
    }
  }
}
